url,ceo_approval,friend_recommendation
https://www.glassdoor.com/Reviews/Amazon-Reviews-E6036.htm,71,69
https://www.glassdoor.com/Reviews/Deloitte-Reviews-E2763.htm,87,78
https://www.glassdoor.com/Reviews/Walmart-Reviews-E715.htm,59,55
https://www.glassdoor.com/Reviews/Target-Reviews-E194.htm,64,61
https://www.glassdoor.com/Reviews/McDonald-s-Reviews-E432.htm,71,58
https://www.glassdoor.com/Reviews/Infosys-Reviews-E7927.htm,68,53
https://www.glassdoor.com/Reviews/Accenture-Reviews-E4138.htm,81,75
https://www.glassdoor.com/Reviews/IBM-Reviews-E354.htm,82,75
https://www.glassdoor.com/Reviews/Microsoft-Reviews-E1651.htm,92,86
https://www.glassdoor.com/Reviews/Tata-Consultancy-Services-Reviews-E13461.htm,83,73
https://www.glassdoor.com/Reviews/Starbucks-Reviews-E2202.htm,54,66
https://www.glassdoor.com/Reviews/Google-Reviews-E9079.htm,81,86
https://www.glassdoor.com/Reviews/Cognizant-Technology-Solutions-Reviews-E8014.htm,79,74
https://www.glassdoor.com/Reviews/EY-Reviews-E2784.htm,69,78
https://www.glassdoor.com/Reviews/The-Home-Depot-Reviews-E655.htm,78,73
https://www.glassdoor.com/Reviews/Apple-Reviews-E1138.htm,90,82
https://www.glassdoor.com/Reviews/PwC-Reviews-E8450.htm,87,78
https://www.glassdoor.com/Reviews/US-Army-Reviews-E41322.htm,63,67
https://www.glassdoor.com/Reviews/Wells-Fargo-Reviews-E8876.htm,65,65
https://www.glassdoor.com/Reviews/Oracle-Reviews-E1737.htm,84,76
https://www.glassdoor.com/Reviews/Bank-of-America-Reviews-E8874.htm,89,78
https://www.glassdoor.com/Reviews/AT-and-T-Reviews-E613.htm,56,61
https://www.glassdoor.com/Reviews/Lowe-s-Home-Improvement-Reviews-E415.htm,68,59
https://www.glassdoor.com/Reviews/CVS-Health-Reviews-E437.htm,50,45
https://www.glassdoor.com/Reviews/JPMorgan-Chase-and-Co-Reviews-E5224839.htm,87,80
https://www.glassdoor.com/Reviews/UPS-Reviews-E3012.htm,60,61
https://www.glassdoor.com/Reviews/Wipro-Reviews-E9936.htm,65,49
https://www.glassdoor.com/Reviews/Qualcomm-Reviews-E640.htm,89,83
https://www.glassdoor.com/Reviews/KPMG-Reviews-E2867.htm,89,75
https://www.glassdoor.com/Reviews/Best-Buy-Reviews-E97.htm,38,64
https://www.glassdoor.com/Reviews/Cisco-Systems-Reviews-E1425.htm,92,89
https://www.glassdoor.com/Reviews/Verizon-Reviews-E89.htm,66,71
https://www.glassdoor.com/Reviews/Walgreens-Reviews-E716.htm,45,44
https://www.glassdoor.com/Reviews/Intel-Corporation-Reviews-E1519.htm,87,82
https://www.glassdoor.com/Reviews/Macy-s-Reviews-E1079.htm,67,56
https://www.glassdoor.com/Reviews/US-Navy-Reviews-E41451.htm,58,60
https://www.glassdoor.com/Reviews/Capgemini-Reviews-E3803.htm,81,73
https://www.glassdoor.com/Reviews/Meta-Reviews-E40772.htm,53,70
https://www.glassdoor.com/Reviews/Citi-Reviews-E8843.htm,86,75
https://www.glassdoor.com/Reviews/US-Air-Force-Reviews-E41283.htm,85,78
https://www.glassdoor.com/Reviews/Dell-Technologies-Reviews-E1327.htm,93,84
https://www.glassdoor.com/Reviews/HCLTech-Reviews-E553909.htm,86,72
https://www.glassdoor.com/Reviews/Capital-One-Reviews-E3736.htm,88,77
https://www.glassdoor.com/Reviews/Enterprise-Reviews-E2783.htm,83,65
https://www.glassdoor.com/Reviews/Salesforce-Reviews-E11159.htm,76,78
https://www.glassdoor.com/Reviews/Nordstrom-Reviews-E1704.htm,74,64
https://www.glassdoor.com/Reviews/T-Mobile-Reviews-E9302.htm,69,69
https://www.glassdoor.com/Reviews/Goldman-Sachs-Reviews-E2800.htm,66,72
https://www.glassdoor.com/Reviews/Teleperformance-Reviews-E9779.htm,90,83
https://www.glassdoor.com/Reviews/Kroger-Reviews-E386.htm,40,44
https://www.glassdoor.com/Reviews/ADP-Reviews-E64.htm,90,78
https://www.glassdoor.com/Reviews/Kohl-s-Reviews-E592.htm,55,54
https://www.glassdoor.com/Reviews/Morgan-Stanley-Reviews-E2282.htm,88,79
https://www.glassdoor.com/Reviews/Comcast-Reviews-E1280.htm,79,68
https://www.glassdoor.com/Reviews/Boeing-Reviews-E102.htm,67,75
https://www.glassdoor.com/Reviews/Whole-Foods-Market-Reviews-E422.htm,53,60
https://www.glassdoor.com/Reviews/State-Farm-Reviews-E2990.htm,66,60
https://www.glassdoor.com/Reviews/Chipotle-Reviews-E15228.htm,56,53
https://www.glassdoor.com/Reviews/Lockheed-Martin-Reviews-E404.htm,90,84
https://www.glassdoor.com/Reviews/Aerotek-Reviews-E18267.htm,70,54
https://www.glassdoor.com/Reviews/Fidelity-Investments-Reviews-E2786.htm,94,86
https://www.glassdoor.com/Reviews/UnitedHealth-Group-Reviews-E1991.htm,74,70
https://www.glassdoor.com/Reviews/PepsiCo-Reviews-E522.htm,87,77
https://www.glassdoor.com/Reviews/YMCA-Reviews-E3046.htm,83,71
https://www.glassdoor.com/Reviews/Kaiser-Permanente-Reviews-E19466.htm,67,72
https://www.glassdoor.com/Reviews/Publix-Reviews-E2945.htm,70,67
https://www.glassdoor.com/Reviews/SAP-Reviews-E10471.htm,88,90
https://www.glassdoor.com/Reviews/Honeywell-Reviews-E28.htm,88,81
https://www.glassdoor.com/Reviews/Panera-Bread-Reviews-E1493.htm,63,50
https://www.glassdoor.com/Reviews/Spectrum-Reviews-E1500006.htm,61,54
https://www.glassdoor.com/Reviews/Marriott-International-Reviews-E7790.htm,89,77
https://www.glassdoor.com/Reviews/Walt-Disney-Company-Reviews-E717.htm,65,71
https://www.glassdoor.com/Reviews/Subway-Reviews-E2994.htm,64,53
https://www.glassdoor.com/Reviews/Northrop-Grumman-Reviews-E488.htm,87,81
https://www.glassdoor.com/Reviews/GE-Reviews-E277.htm,82,81
https://www.glassdoor.com/Reviews/FedEx-Ground-Reviews-E16846.htm,62,59
https://www.glassdoor.com/Reviews/Costco-Wholesale-Reviews-E2590.htm,83,75
https://www.glassdoor.com/Reviews/Chick-fil-A-Reviews-E5873.htm,90,75
https://www.glassdoor.com/Reviews/US-Marine-Corps-Reviews-E41423.htm,79,64
https://www.glassdoor.com/Reviews/American-Express-Reviews-E35.htm,90,82
https://www.glassdoor.com/Reviews/Tech-Mahindra-Reviews-E135932.htm,78,66
https://www.glassdoor.com/Reviews/Hewlett-Packard-Enterprise-HPE-Reviews-E1093046.htm,94,87
https://www.glassdoor.com/Reviews/DXC-Technology-Reviews-E1603125.htm,79,68
https://www.glassdoor.com/Reviews/General-Motors-GM-Reviews-E279.htm,82,77
https://www.glassdoor.com/Reviews/Sears-Reviews-E37984.htm,46,48
https://www.glassdoor.com/Reviews/Domino-s-Reviews-E2770.htm,68,57
https://www.glassdoor.com/Reviews/CGI-Reviews-E8452.htm,90,79
https://www.glassdoor.com/Reviews/NIKE-Reviews-E1699.htm,86,81
https://www.glassdoor.com/Reviews/Staples-Reviews-E1909.htm,44,48
https://www.glassdoor.com/Reviews/Johnson-and-Johnson-Reviews-E364.htm,89,85
https://www.glassdoor.com/Reviews/Old-Navy-Reviews-E18861.htm,73,58
https://www.glassdoor.com/Reviews/Dollar-General-Reviews-E1342.htm,36,34
https://www.glassdoor.com/Reviews/Siemens-Reviews-E3510.htm,89,82
https://www.glassdoor.com/Reviews/GEICO-Reviews-E270.htm,33,36
https://www.glassdoor.com/Reviews/PNC-Financial-Services-Group-Reviews-E507.htm,75,63
https://www.glassdoor.com/Reviews/Burger-King-Reviews-E7201.htm,65,56
https://www.glassdoor.com/Reviews/Robert-Half-Reviews-E1838.htm,75,69
https://www.glassdoor.com/Reviews/Bloomberg-L-P-Reviews-E3096.htm,87,80
https://www.glassdoor.com/Reviews/Booz-Allen-Hamilton-Reviews-E2735.htm,94,87
https://www.glassdoor.com/Reviews/J-C-Penney-Reviews-E361.htm,63,52
https://www.glassdoor.com/Reviews/McKinsey-and-Company-Reviews-E2893.htm,79,86
https://www.glassdoor.com/Reviews/Liberty-Mutual-Insurance-Reviews-E2874.htm,67,71
https://www.glassdoor.com/Reviews/Tesla-Reviews-E43129.htm,71,62
https://www.glassdoor.com/Reviews/U-S-Bank-Reviews-E8937.htm,77,68
https://www.glassdoor.com/Reviews/HSBC-Reviews-E3482.htm,83,72
https://www.glassdoor.com/Reviews/Cerner-Reviews-E1242.htm,71,63
https://www.glassdoor.com/Reviews/UBS-Reviews-E3419.htm,91,78
https://www.glassdoor.com/Reviews/Barclays-Reviews-E3456.htm,89,79
https://www.glassdoor.com/Reviews/NVIDIA-Reviews-E7633.htm,97,93
https://www.glassdoor.com/Reviews/ALDI-Reviews-E7337.htm,69,58
https://www.glassdoor.com/Reviews/Ulta-Beauty-Reviews-E9466.htm,64,58
https://www.glassdoor.com/Reviews/Insight-Global-Reviews-E152783.htm,87,69
https://www.glassdoor.com/Reviews/TD-Reviews-E3767.htm,84,77
https://www.glassdoor.com/Reviews/Thomson-Reuters-Reviews-E100303.htm,73,68
https://www.glassdoor.com/Reviews/Procter-and-Gamble-Reviews-E544.htm,90,83
https://www.glassdoor.com/Reviews/ABC-Reviews-E130.htm,89,80
https://www.glassdoor.com/Reviews/Ford-Motor-Company-Reviews-E263.htm,79,78
https://www.glassdoor.com/Reviews/Victoria-s-Secret-Reviews-E13903.htm,61,56
https://www.glassdoor.com/Reviews/Sam-s-Club-Reviews-E7811.htm,60,52
https://www.glassdoor.com/Reviews/VMware-Reviews-E12830.htm,80,86
https://www.glassdoor.com/Reviews/H-E-B-Reviews-E2824.htm,92,85
https://www.glassdoor.com/Reviews/Allstate-Reviews-E2341.htm,57,51
https://www.glassdoor.com/Reviews/Kforce-Reviews-E5441.htm,83,77
https://www.glassdoor.com/Reviews/Epic-Reviews-E35163.htm,52,55
https://www.glassdoor.com/Reviews/Allied-Universal-Reviews-E1352584.htm,52,50
https://www.glassdoor.com/Reviews/H-and-M-Reviews-E11918.htm,72,65
https://www.glassdoor.com/Reviews/US-Department-of-Veterans-Affairs-Reviews-E41429.htm,70,68
https://www.glassdoor.com/Reviews/Taco-Bell-Reviews-E10091.htm,65,52
https://www.glassdoor.com/Reviews/Concentrix-Reviews-E31549.htm,90,81
https://www.glassdoor.com/Reviews/Raytheon-Technologies-Reviews-E561.htm,66,72
https://www.glassdoor.com/Reviews/Aramark-Reviews-E2716.htm,70,54
https://www.glassdoor.com/Reviews/Pizza-Hut-Reviews-E10090.htm,59,55
https://www.glassdoor.com/Reviews/Intuit-Reviews-E2293.htm,95,92
https://www.glassdoor.com/Reviews/Freelancer-Reviews-E392261.htm,94,82
https://www.glassdoor.com/Reviews/Northwestern-Mutual-Reviews-E2919.htm,90,71
https://www.glassdoor.com/Reviews/Chase-Reviews-E690765.htm,80,72
https://www.glassdoor.com/Reviews/Labcorp-Reviews-E1679.htm,78,71
https://www.glassdoor.com/Reviews/DICK-S-Sporting-Goods-Reviews-E8666.htm,83,72
https://www.glassdoor.com/Reviews/CBRE-Reviews-E465818.htm,89,78
https://www.glassdoor.com/Reviews/Thermo-Fisher-Scientific-Reviews-E658.htm,85,70
https://www.glassdoor.com/Reviews/Ross-Stores-Reviews-E1843.htm,60,52
https://www.glassdoor.com/Reviews/FedEx-Reviews-E246.htm,69,68
https://www.glassdoor.com/Reviews/American-Airlines-Reviews-E8.htm,59,70
https://www.glassdoor.com/Reviews/Medtronic-Reviews-E436.htm,65,74
https://www.glassdoor.com/Reviews/J-P-Morgan-Reviews-E145.htm,89,82
https://www.glassdoor.com/Reviews/Optum-Reviews-E2409113.htm,77,70
https://www.glassdoor.com/Reviews/Hilton-Reviews-E330.htm,89,78
https://www.glassdoor.com/Reviews/BNY-Mellon-Reviews-E78.htm,72,67
https://www.glassdoor.com/Reviews/Wendy-s-Reviews-E728.htm,66,49
https://www.glassdoor.com/Reviews/Philips-Reviews-E3496.htm,70,66
https://www.glassdoor.com/Reviews/Progressive-Insurance-Reviews-E546.htm,87,71
https://www.glassdoor.com/Reviews/Dunkin-Reviews-E19153.htm,47,45
https://www.glassdoor.com/Reviews/PetSmart-Reviews-E2375.htm,48,50
https://www.glassdoor.com/Reviews/Delta-Air-Lines-Reviews-E197.htm,89,85
https://www.glassdoor.com/Reviews/IQVIA-Reviews-E8347.htm,87,81
https://www.glassdoor.com/Reviews/SLB-Reviews-E588.htm,91,81
https://www.glassdoor.com/Reviews/Santander-Reviews-E828048.htm,82,71
https://www.glassdoor.com/Reviews/TEKsystems-Reviews-E23297.htm,74,78
https://www.glassdoor.com/Reviews/Wayfair-Reviews-E134525.htm,44,43
https://www.glassdoor.com/Reviews/Credit-Suisse-Reviews-E3141.htm,58,67
https://www.glassdoor.com/Reviews/Abbott-Reviews-E12.htm,86,71
https://www.glassdoor.com/Reviews/Ericsson-Worldwide-Reviews-E3472.htm,89,75
https://www.glassdoor.com/Reviews/HCA-Healthcare-Reviews-E2062.htm,57,54
https://www.glassdoor.com/Reviews/CSC-Reviews-E169.htm,51,48
https://www.glassdoor.com/Reviews/Sodexo-Reviews-E10351.htm,60,54
https://www.glassdoor.com/Reviews/Bath-and-Body-Works-Reviews-E13902.htm,79,70
https://www.glassdoor.com/Reviews/IKEA-Reviews-E3957.htm,73,65
https://www.glassdoor.com/Reviews/Deutsche-Bank-Reviews-E3150.htm,90,78
https://www.glassdoor.com/Reviews/DaVita-Reviews-E5367.htm,61,57
https://www.glassdoor.com/Reviews/Abercrombie-and-Fitch-Reviews-E6756.htm,83,64
https://www.glassdoor.com/Reviews/State-Street-Reviews-E1911.htm,79,68
https://www.glassdoor.com/Reviews/Cummins-Reviews-E187.htm,89,85
https://www.glassdoor.com/Reviews/American-Eagle-Outfitters-Reviews-E2642.htm,69,61
https://www.glassdoor.com/Reviews/Alorica-Reviews-E17814.htm,79,53
https://www.glassdoor.com/Reviews/LinkedIn-Reviews-E34865.htm,89,86
https://www.glassdoor.com/Reviews/USAA-Reviews-E3033.htm,46,52
https://www.glassdoor.com/Reviews/Pfizer-Reviews-E525.htm,85,80
https://www.glassdoor.com/Reviews/Trader-Joe-s-Reviews-E5631.htm,79,78
https://www.glassdoor.com/Reviews/Fujitsu-Reviews-E3524.htm,86,73
https://www.glassdoor.com/Reviews/Schneider-Electric-Reviews-E3956.htm,95,87
https://www.glassdoor.com/Reviews/ExxonMobil-Reviews-E237.htm,33,38
https://www.glassdoor.com/Reviews/Nokia-Reviews-E3494.htm,92,85
https://www.glassdoor.com/Reviews/Self-Opportunity-Reviews-E320925.htm,95,78
https://www.glassdoor.com/Reviews/Humana-Reviews-E340.htm,84,74
https://www.glassdoor.com/Reviews/Sephora-Reviews-E14590.htm,69,61
https://www.glassdoor.com/Reviews/Boston-Consulting-Group-Reviews-E3879.htm,93,86
https://www.glassdoor.com/Reviews/Olive-Garden-Italian-Restaurants-Reviews-E536862.htm,77,67
https://www.glassdoor.com/Reviews/TTEC-Reviews-E5944.htm,74,64
https://www.glassdoor.com/Reviews/Forever-21-Reviews-E13361.htm,59,45
https://www.glassdoor.com/Reviews/AECOM-Reviews-E5632.htm,82,74
https://www.glassdoor.com/Reviews/Caterpillar-Reviews-E137.htm,85,81
https://www.glassdoor.com/Reviews/Rite-Aid-Reviews-E565.htm,39,43
https://www.glassdoor.com/Reviews/JLL-Reviews-E5779.htm,88,76
https://www.glassdoor.com/Reviews/Michaels-Reviews-E945.htm,37,44
https://www.glassdoor.com/Reviews/FIS-Reviews-E313114.htm,56,67
https://www.glassdoor.com/Reviews/Kelly-Reviews-E1564.htm,69,65
https://www.glassdoor.com/Reviews/Fiserv-Reviews-E1384.htm,41,46
https://www.glassdoor.com/Reviews/NBCUniversal-Reviews-E32038.htm,67,82
https://www.glassdoor.com/Reviews/ServiceNow-Reviews-E403326.htm,96,90
https://www.glassdoor.com/Reviews/GSK-Reviews-E3477.htm,86,82
https://www.glassdoor.com/Reviews/Mphasis-Reviews-E29275.htm,83,68
https://www.glassdoor.com/Reviews/TJ-Maxx-Reviews-E242612.htm,74,58
https://www.glassdoor.com/Reviews/HP-Inc-Reviews-E1093161.htm,93,87
https://www.glassdoor.com/Reviews/Ascension-Reviews-E1036988.htm,53,56
https://www.glassdoor.com/Reviews/Mastech-Digital-Reviews-E32469.htm,94,87
https://www.glassdoor.com/Reviews/Gartner-Reviews-E2465.htm,90,81
https://www.glassdoor.com/Reviews/Travelers-Reviews-E1904.htm,89,82
https://www.glassdoor.com/Reviews/Expedia-Group-Reviews-E9876.htm,87,80
https://www.glassdoor.com/Reviews/Office-Depot-Reviews-E1723.htm,45,46
https://www.glassdoor.com/Reviews/AIG-Reviews-E40.htm,70,64
https://www.glassdoor.com/Reviews/Goodwill-Reviews-E2802.htm,59,51
https://www.glassdoor.com/Reviews/Shell-Reviews-E5833.htm,79,83
https://www.glassdoor.com/Reviews/Xerox-Reviews-E747.htm,70,48
https://www.glassdoor.com/Reviews/Dollar-Tree-Reviews-E4033.htm,44,42
https://www.glassdoor.com/Reviews/University-of-Washington-Reviews-E3030.htm,80,81
https://www.glassdoor.com/Reviews/Yelp-Reviews-E43314.htm,71,59
https://www.glassdoor.com/Reviews/Charles-Schwab-Reviews-E144.htm,75,68
https://www.glassdoor.com/Reviews/Johnson-Controls-Reviews-E365.htm,76,66
https://www.glassdoor.com/Reviews/Pearson-Reviews-E3322.htm,78,72
https://www.glassdoor.com/Reviews/Vanguard-Reviews-E4084.htm,69,67
https://www.glassdoor.com/Reviews/Applebee-s-Reviews-E1453.htm,63,54
https://www.glassdoor.com/Reviews/Foundever-Reviews-E11480.htm,79,70
https://www.glassdoor.com/Reviews/GameStop-Reviews-E1162.htm,22,31
https://www.glassdoor.com/Reviews/CarMax-Reviews-E6561.htm,77,68
https://www.glassdoor.com/Reviews/Barnes-and-Noble-Reviews-E2439.htm,66,68
https://www.glassdoor.com/Reviews/Visa-Inc-Reviews-E3035.htm,92,82
https://www.glassdoor.com/Reviews/lululemon-Reviews-E42589.htm,89,84
https://www.glassdoor.com/Reviews/Genpact-Reviews-E42613.htm,91,79
https://www.glassdoor.com/Reviews/Merck-Reviews-E438.htm,91,84
https://www.glassdoor.com/Reviews/RSM-Reviews-E691963.htm,70,77
https://www.glassdoor.com/Reviews/Randstad-US-Reviews-E18424.htm,78,67
https://www.glassdoor.com/Reviews/The-Cigna-Group-Reviews-E119.htm,74,64
https://www.glassdoor.com/Reviews/Nielsen-Reviews-E3776.htm,70,69
https://www.glassdoor.com/Reviews/Adecco-Reviews-E1089.htm,75,70
https://www.glassdoor.com/Reviews/L-Or%C3%A9al-Reviews-E3470.htm,92,79
https://www.glassdoor.com/Reviews/Dillard-s-Reviews-E202.htm,53,45
https://www.glassdoor.com/Reviews/eBay-Reviews-E7853.htm,84,80
https://www.glassdoor.com/Reviews/Stryker-Reviews-E1918.htm,92,81
https://www.glassdoor.com/Reviews/Lumen-Reviews-E248324.htm,86,60
https://www.glassdoor.com/Reviews/UST-Reviews-E155577.htm,87,78
https://www.glassdoor.com/Reviews/Manpower-Reviews-E2548.htm,86,87
https://www.glassdoor.com/Reviews/Securitas-Reviews-E10656.htm,69,51
https://www.glassdoor.com/Reviews/Sanofi-Reviews-E9347.htm,85,78
https://www.glassdoor.com/Reviews/Unilever-Reviews-E3513.htm,94,87
https://www.glassdoor.com/Reviews/Yahoo-Reviews-E5807.htm,72,77
https://www.glassdoor.com/Reviews/KFC-Reviews-E7860.htm,70,57
https://www.glassdoor.com/Reviews/H-and-R-Block-Reviews-E303.htm,78,67
https://www.glassdoor.com/Reviews/BlackRock-Reviews-E9331.htm,87,78
https://www.glassdoor.com/Reviews/Fedex-Express-Reviews-E22767.htm,61,64
https://www.glassdoor.com/Reviews/Stanford-University-Reviews-E2989.htm,77,81
https://www.glassdoor.com/Reviews/Hollister-Co-Reviews-E466037.htm,74,62
https://www.glassdoor.com/Reviews/Novartis-Reviews-E6667.htm,81,78
https://www.glassdoor.com/Reviews/Bed-Bath-and-Beyond-Reviews-E1961.htm,28,44
https://www.glassdoor.com/Reviews/Conduent-Reviews-E1492856.htm,59,48
https://www.glassdoor.com/Reviews/Elevance-Health-Reviews-E925157.htm,77,70
https://www.glassdoor.com/Reviews/NYU-New-York-University-Reviews-E2917.htm,87,85
https://www.glassdoor.com/Reviews/Burlington-Stores-Reviews-E114.htm,54,43
https://www.glassdoor.com/Reviews/Jacobs-Reviews-E913.htm,87,80
https://www.glassdoor.com/Reviews/Merrill-Reviews-E440.htm,82,68
https://www.glassdoor.com/Reviews/Aon-Reviews-E53.htm,89,80
https://www.glassdoor.com/Reviews/Jimmy-John-s-Reviews-E15876.htm,68,66
https://www.glassdoor.com/Reviews/WTW-Reviews-E1122768.htm,87,75
https://www.glassdoor.com/Reviews/Farmers-Insurance-Group-Reviews-E3955.htm,37,52
https://www.glassdoor.com/Reviews/AutoZone-Reviews-E610.htm,61,56
https://www.glassdoor.com/Reviews/Massage-Envy-Reviews-E114803.htm,57,52
https://www.glassdoor.com/Reviews/Grant-Thornton-Reviews-E100134.htm,85,74
https://www.glassdoor.com/Reviews/Texas-Instruments-Reviews-E651.htm,93,84
https://www.glassdoor.com/Reviews/Samsung-Electronics-Reviews-E3363.htm,70,69
https://www.glassdoor.com/Reviews/Nationwide-Reviews-E2913.htm,84,77
https://www.glassdoor.com/Reviews/UCLA-Reviews-E32524.htm,80,78
https://www.glassdoor.com/Reviews/Cracker-Barrel-Reviews-E1308.htm,65,50
https://www.glassdoor.com/Reviews/Cintas-Reviews-E1256.htm,80,65
https://www.glassdoor.com/Reviews/Total-Quality-Logistics-Reviews-E134523.htm,87,78
https://www.glassdoor.com/Reviews/Hertz-Reviews-E4071.htm,56,48
https://www.glassdoor.com/Reviews/Centene-Reviews-E13542.htm,87,74
https://www.glassdoor.com/Reviews/RBC-Reviews-E3358.htm,86,71
https://www.glassdoor.com/Reviews/McKesson-Reviews-E434.htm,84,71
https://www.glassdoor.com/Reviews/MetLife-Reviews-E2899.htm,88,76
https://www.glassdoor.com/Reviews/Buffalo-Wild-Wings-Reviews-E8370.htm,60,53
https://www.glassdoor.com/Reviews/Zensar-Technologies-Reviews-E255019.htm,86,77
https://www.glassdoor.com/Reviews/Petco-Reviews-E37962.htm,44,41
https://www.glassdoor.com/Reviews/Hyatt-Reviews-E2839.htm,89,76
https://www.glassdoor.com/Reviews/Randstad-Reviews-E302306.htm,78,76
https://www.glassdoor.com/Reviews/3M-Reviews-E446.htm,36,68
https://www.glassdoor.com/Reviews/Bayer-Reviews-E4245.htm,76,73
https://www.glassdoor.com/Reviews/Columbia-University-Reviews-E2748.htm,71,74
https://www.glassdoor.com/Reviews/Bain-and-Company-Reviews-E3752.htm,96,89
https://www.glassdoor.com/Reviews/Instacart-Reviews-E714486.htm,65,66
https://www.glassdoor.com/Reviews/New-York-City-Department-of-Education-Reviews-E105247.htm,57,60
https://www.glassdoor.com/Reviews/University-of-Pennsylvania-Reviews-E3025.htm,83,82
https://www.glassdoor.com/Reviews/UC-San-Diego-Reviews-E32523.htm,60,80
https://www.glassdoor.com/Reviews/Cleveland-Clinic-Reviews-E17787.htm,80,66
https://www.glassdoor.com/Reviews/Texas-A-and-M-University-Reviews-E1077312.htm,67,84
https://www.glassdoor.com/Reviews/GE-HealthCare-Reviews-E4112.htm,93,88
https://www.glassdoor.com/Reviews/UKG-Reviews-E7900.htm,71,68
https://www.glassdoor.com/Reviews/Micron-Technology-Reviews-E1648.htm,77,70
https://www.glassdoor.com/Reviews/Southwest-Airlines-Reviews-E611.htm,69,75
https://www.glassdoor.com/Reviews/Asurion-Reviews-E16924.htm,55,52
https://www.glassdoor.com/Reviews/The-Ohio-State-University-Reviews-E2923.htm,68,81
https://www.glassdoor.com/Reviews/UPMC-Reviews-E14679.htm,51,51
https://www.glassdoor.com/Reviews/Kmart-Reviews-E370.htm,68,61
https://www.glassdoor.com/Reviews/Leidos-Reviews-E730545.htm,83,75
https://www.glassdoor.com/Reviews/University-of-Texas-at-Austin-Reviews-E133952.htm,81,82
https://www.glassdoor.com/Reviews/Rocket-Companies-Reviews-E7856.htm,66,56
https://www.glassdoor.com/Reviews/Workday-Reviews-E197851.htm,81,82
https://www.glassdoor.com/Reviews/Genentech-Reviews-E274.htm,88,79
https://www.glassdoor.com/Reviews/Eaton-Reviews-E221.htm,86,78
https://www.glassdoor.com/Reviews/Prudential-Reviews-E2944.htm,79,71
https://www.glassdoor.com/Reviews/Food-Lion-Reviews-E16998.htm,60,53
https://www.glassdoor.com/Reviews/Western-Digital-Reviews-E1067.htm,65,64
https://www.glassdoor.com/Reviews/Nestl%C3%A9-Reviews-E3492.htm,89,83
https://www.glassdoor.com/Reviews/University-of-Southern-California-Reviews-E3027.htm,87,81
https://www.glassdoor.com/Reviews/NCR-Reviews-E4212.htm,72,64
https://www.glassdoor.com/Reviews/Publicis-Sapient-Reviews-E1646026.htm,87,73
https://www.glassdoor.com/Reviews/Life-Time-Reviews-E21088.htm,60,60
https://www.glassdoor.com/Reviews/Tata-Consultancy-Services-North-America-Reviews-E23279.htm,82,70
https://www.glassdoor.com/Reviews/Arizona-State-University-Reviews-E29302.htm,82,83
https://www.glassdoor.com/Reviews/Applied-Materials-Reviews-E1139.htm,92,84
https://www.glassdoor.com/Reviews/Urban-Outfitters-Reviews-E2372.htm,52,60
https://www.glassdoor.com/Reviews/EPAM-Systems-Reviews-E15544.htm,92,81
https://www.glassdoor.com/Reviews/Roche-Reviews-E3480.htm,91,87
https://www.glassdoor.com/Reviews/AstraZeneca-Reviews-E9214.htm,93,84
https://www.glassdoor.com/Reviews/Marshalls-Reviews-E155412.htm,75,60
https://www.glassdoor.com/Reviews/Disney-Parks-Reviews-E13843.htm,70,66
https://www.glassdoor.com/Reviews/Wegmans-Food-Markets-Reviews-E3042.htm,85,78
https://www.glassdoor.com/Reviews/Meijer-Reviews-E2894.htm,62,52
https://www.glassdoor.com/Reviews/United-States-Federal-Government-Reviews-E236635.htm,63,82
https://www.glassdoor.com/Reviews/Halliburton-Reviews-E307.htm,77,72
https://www.glassdoor.com/Reviews/SAIC-Reviews-E41130.htm,89,81
https://www.glassdoor.com/Reviews/Express-Employment-Professionals-Reviews-E11188.htm,86,70
https://www.glassdoor.com/Reviews/Northside-Hospital-Reviews-E20642.htm,86,87
https://www.glassdoor.com/Reviews/Chevron-Reviews-E13524.htm,90,85
https://www.glassdoor.com/Reviews/Keller-Williams-Reviews-E114145.htm,94,86
https://www.glassdoor.com/Reviews/Brookdale-Senior-Living-Reviews-E6433.htm,63,55
https://www.glassdoor.com/Reviews/New-York-Life-Reviews-E2915.htm,84,64
https://www.glassdoor.com/Reviews/Atos-Syntel-Reviews-E5304.htm,79,69
https://www.glassdoor.com/Reviews/Amgen-Reviews-E1130.htm,86,82
https://www.glassdoor.com/Reviews/University-of-Minnesota-Reviews-E3735.htm,73,83
https://www.glassdoor.com/Reviews/Paycom-Reviews-E136736.htm,63,62
https://www.glassdoor.com/Reviews/Panda-Express-Reviews-E5659.htm,80,60
https://www.glassdoor.com/Reviews/Aetna-Reviews-E16.htm,64,61
https://www.glassdoor.com/Reviews/Baylor-Scott-and-White-Health-Reviews-E4458.htm,81,76
https://www.glassdoor.com/Reviews/Chili-s-Grill-and-Bar-Reviews-E143310.htm,61,55
https://www.glassdoor.com/Reviews/Discover-Reviews-E13990.htm,79,73
https://www.glassdoor.com/Reviews/Quest-Diagnostics-Reviews-E6655.htm,54,57
https://www.glassdoor.com/Reviews/Harvard-University-Reviews-E2817.htm,88,83
https://www.glassdoor.com/Reviews/Kraft-Heinz-Company-Reviews-E1026712.htm,80,63
https://www.glassdoor.com/Reviews/Menards-Reviews-E2895.htm,54,64
https://www.glassdoor.com/Reviews/Memorial-Sloan-Kettering-Cancer-Center-Reviews-E4711.htm,73,76
https://www.glassdoor.com/Reviews/US-Department-of-Defense-Reviews-E14798.htm,76,82
https://www.glassdoor.com/Reviews/Amazon-Web-Services-Reviews-E7470741.htm,66,70
https://www.glassdoor.com/Reviews/DHL-Supply-Chain-Reviews-E707945.htm,86,73
https://www.glassdoor.com/Reviews/Banana-Republic-Reviews-E23057.htm,70,62
https://www.glassdoor.com/Reviews/Cargill-Reviews-E2739.htm,84,80
https://www.glassdoor.com/Reviews/Northwell-Health-Reviews-E1142964.htm,87,79
https://www.glassdoor.com/Reviews/Zara-Reviews-E17544.htm,67,55
https://www.glassdoor.com/Reviews/Sonic-Reviews-E1303.htm,62,48
https://www.glassdoor.com/Reviews/Ecolab-Reviews-E222.htm,75,68
https://www.glassdoor.com/Reviews/Chick-fil-A-Restaurants-Reviews-E8432188.htm,100,70
https://www.glassdoor.com/Reviews/Penn-State-Reviews-E2931.htm,78,80
https://www.glassdoor.com/Reviews/Papa-John-s-Reviews-E2363.htm,56,54
https://www.glassdoor.com/Reviews/The-TJX-Companies-Inc-Reviews-E639.htm,82,64
https://www.glassdoor.com/Reviews/Mercer-Reviews-E35818.htm,88,77
https://www.glassdoor.com/Reviews/Paychex-Reviews-E1762.htm,64,68
https://www.glassdoor.com/Reviews/XPO-Reviews-E615153.htm,79,65
https://www.glassdoor.com/Reviews/AMC-Entertainment-Reviews-E758.htm,56,62
https://www.glassdoor.com/Reviews/NetApp-Reviews-E5406.htm,80,78
https://www.glassdoor.com/Reviews/Robert-Bosch-Reviews-E3353.htm,91,87
https://www.glassdoor.com/Reviews/Emerson-Reviews-E225.htm,88,81
https://www.glassdoor.com/Reviews/John-Deere-Reviews-E195.htm,87,85
https://www.glassdoor.com/Reviews/Mastercard-Reviews-E3677.htm,96,89
https://www.glassdoor.com/Reviews/Indeed-Reviews-E100561.htm,85,84
https://www.glassdoor.com/Reviews/Lyft-Reviews-E700614.htm,29,54
https://www.glassdoor.com/Reviews/Advantage-Solutions-Reviews-E9287.htm,75,60
https://www.glassdoor.com/Reviews/Texas-Roadhouse-Reviews-E18664.htm,81,67
https://www.glassdoor.com/Reviews/Bristol-Myers-Squibb-Reviews-E107.htm,83,75
https://www.glassdoor.com/Reviews/DONE-by-NONE-Reviews-E619738.htm,89,68
https://www.glassdoor.com/Reviews/Citizens-Reviews-E13640.htm,85,71
https://www.glassdoor.com/Reviews/University-of-Maryland-Reviews-E129869.htm,79,87
https://www.glassdoor.com/Reviews/Northwestern-University-Reviews-E3919.htm,74,73
https://www.glassdoor.com/Reviews/General-Dynamics-Information-Technology-Reviews-E18661.htm,89,82
https://www.glassdoor.com/Reviews/Mayo-Clinic-Reviews-E19884.htm,70,69
https://www.glassdoor.com/Reviews/S-and-P-Global-Reviews-E1259396.htm,93,86
https://www.glassdoor.com/Reviews/Rutgers-University-Reviews-E22285.htm,68,75
https://www.glassdoor.com/Reviews/MIT-Reviews-E2889.htm,90,86
https://www.glassdoor.com/Reviews/Hy-Vee-Reviews-E2838.htm,51,55
https://www.glassdoor.com/Reviews/NYU-Langone-Health-Reviews-E121521.htm,86,81
https://www.glassdoor.com/Reviews/Toys-R-Us-Reviews-E672.htm,70,56
https://www.glassdoor.com/Reviews/ZS-Associates-Reviews-E115506.htm,82,74
https://www.glassdoor.com/Reviews/BNP-Paribas-Reviews-E10342.htm,87,77
https://www.glassdoor.com/Reviews/Maxim-Healthcare-Services-Reviews-E18132.htm,72,62
https://www.glassdoor.com/Reviews/adidas-Reviews-E10692.htm,84,75
https://www.glassdoor.com/Reviews/Broadcom-Reviews-E6926.htm,80,71
https://www.glassdoor.com/Reviews/Cardinal-Health-Reviews-E1227.htm,80,64
https://www.glassdoor.com/Reviews/L3Harris-Reviews-E2898734.htm,73,71
https://www.glassdoor.com/Reviews/The-Johns-Hopkins-University-Reviews-E2851.htm,79,77
https://www.glassdoor.com/Reviews/LA-Fitness-Reviews-E309696.htm,41,41
https://www.glassdoor.com/Reviews/Advance-Auto-Parts-Reviews-E8708.htm,56,53
https://www.glassdoor.com/Reviews/Edward-Jones-Reviews-E3161.htm,80,69
https://www.glassdoor.com/Reviews/Nones-Reviews-E2522994.htm,86,68
https://www.glassdoor.com/Reviews/AbbVie-Reviews-E649837.htm,85,74
https://www.glassdoor.com/Reviews/Sprouts-Farmers-Market-Reviews-E134467.htm,54,48
https://www.glassdoor.com/Reviews/Boston-Scientific-Reviews-E2187.htm,93,85
https://www.glassdoor.com/Reviews/ABB-Reviews-E3076.htm,91,82
https://www.glassdoor.com/Reviews/University-of-Florida-Reviews-E3017.htm,88,82
https://www.glassdoor.com/Reviews/Amdocs-Reviews-E8418.htm,88,81
https://www.glassdoor.com/Reviews/Slalom-Reviews-E31102.htm,90,86
https://www.glassdoor.com/Reviews/Family-Dollar-Stores-Reviews-E243.htm,54,41
https://www.glassdoor.com/Reviews/University-of-Chicago-Reviews-E3016.htm,89,82
https://www.glassdoor.com/Reviews/BD-Reviews-E88.htm,85,80
https://www.glassdoor.com/Reviews/Mount-Sinai-Health-System-Reviews-E121517.htm,55,55
https://www.glassdoor.com/Reviews/Purdue-University-Reviews-E23491.htm,91,86
https://www.glassdoor.com/Reviews/Banner-Health-Reviews-E11958.htm,45,57
https://www.glassdoor.com/Reviews/Lidl-Reviews-E7428.htm,37,41
https://www.glassdoor.com/Reviews/bp-Reviews-E9011.htm,77,78
https://www.glassdoor.com/Reviews/Fastenal-Reviews-E1391.htm,86,68
https://www.glassdoor.com/Reviews/Whirlpool-Corporation-Reviews-E732.htm,82,80
https://www.glassdoor.com/Reviews/Parexel-Reviews-E5334.htm,92,79
https://www.glassdoor.com/Reviews/Vector-Marketing-Reviews-E26785.htm,97,90
https://www.glassdoor.com/Reviews/Atos-Reviews-E10686.htm,76,73
https://www.glassdoor.com/Reviews/Maximus-Reviews-E6725.htm,67,57
https://www.glassdoor.com/Reviews/Citrix-Reviews-E5432.htm,30,57
https://www.glassdoor.com/Reviews/Uber-Reviews-E575263.htm,76,73
https://www.glassdoor.com/Reviews/Harris-Teeter-Reviews-E18182.htm,61,50
https://www.glassdoor.com/Reviews/TaskUs-Reviews-E350702.htm,95,90
https://www.glassdoor.com/Reviews/University-of-California-Berkeley-Reviews-E32512.htm,82,88
https://www.glassdoor.com/Reviews/PPD-Reviews-E5695.htm,83,80
https://www.glassdoor.com/Reviews/AMD-Reviews-E15.htm,97,84
https://www.glassdoor.com/Reviews/Planet-Fitness-Reviews-E213270.htm,59,56
https://www.glassdoor.com/Reviews/BASF-Reviews-E4231.htm,78,71
https://www.glassdoor.com/Reviews/Sysco-Reviews-E634.htm,67,58
https://www.glassdoor.com/Reviews/The-Cheesecake-Factory-Reviews-E2229.htm,77,66
https://www.glassdoor.com/Reviews/Informatica-Reviews-E8797.htm,90,85
https://www.glassdoor.com/Reviews/Banfield-Pet-Hospital-Reviews-E137890.htm,23,40
https://www.glassdoor.com/Reviews/Outback-Steakhouse-Reviews-E243979.htm,72,67
https://www.glassdoor.com/Reviews/NortonLifeLock-Reviews-E1931.htm,76,70
https://www.glassdoor.com/Reviews/ADT-Reviews-E13956.htm,56,46
https://www.glassdoor.com/Reviews/Anthropologie-Reviews-E241754.htm,61,69
https://www.glassdoor.com/Reviews/Synopsys-Reviews-E2143.htm,94,81
https://www.glassdoor.com/Reviews/7-Eleven-Reviews-E3581.htm,61,52
https://www.glassdoor.com/Reviews/Eli-Lilly-and-Company-Reviews-E223.htm,87,78
https://www.glassdoor.com/Reviews/Dairy-Queen-Reviews-E1526.htm,79,58
https://www.glassdoor.com/Reviews/Autodesk-Reviews-E1155.htm,94,85
https://www.glassdoor.com/Reviews/Red-Lobster-Reviews-E153054.htm,63,60
https://www.glassdoor.com/Reviews/Paramount-Reviews-E40260.htm,80,74
https://www.glassdoor.com/Reviews/Academy-Sports-Outdoors-Reviews-E3053.htm,60,56
https://www.glassdoor.com/Reviews/HubSpot-Reviews-E227605.htm,86,80
https://www.glassdoor.com/Reviews/Mattress-Firm-Reviews-E28763.htm,49,53
https://www.glassdoor.com/Reviews/Raising-Cane-s-Reviews-E134590.htm,88,73
https://www.glassdoor.com/Reviews/University-of-Pittsburgh-Reviews-E3026.htm,75,72
https://www.glassdoor.com/Reviews/BAE-Systems-USA-Reviews-E18934.htm,84,73
https://www.glassdoor.com/Reviews/Indiana-University-Reviews-E2840.htm,59,84
https://www.glassdoor.com/Reviews/Amazon-Flex-Reviews-E1324363.htm,59,65
https://www.glassdoor.com/Reviews/MathWorks-Reviews-E17117.htm,94,87
https://www.glassdoor.com/Reviews/Apex-Systems-Reviews-E13916.htm,78,70
https://www.glassdoor.com/Reviews/The-Hartford-Reviews-E4314.htm,88,74
https://www.glassdoor.com/Reviews/Angi-Reviews-E15700.htm,66,60
https://www.glassdoor.com/Reviews/NewYork-Presbyterian-Hospital-Reviews-E121522.htm,77,81
https://www.glassdoor.com/Reviews/American-Red-Cross-Reviews-E2707.htm,60,52
https://www.glassdoor.com/Reviews/UC-San-Francisco-Reviews-E32516.htm,77,78
https://www.glassdoor.com/Reviews/Scribe-America-Reviews-E473887.htm,52,48
https://www.glassdoor.com/Reviews/Fresenius-Medical-Care-North-America-Reviews-E10445.htm,56,59
https://www.glassdoor.com/Reviews/Cox-Communications-Reviews-E4063.htm,79,76
https://www.glassdoor.com/Reviews/Fifth-Third-Reviews-E1395.htm,81,68
https://www.glassdoor.com/Reviews/Groupon-Reviews-E301291.htm,31,45
https://www.glassdoor.com/Reviews/Experian-Reviews-E42406.htm,84,81
https://www.glassdoor.com/Reviews/Kumon-Reviews-E195805.htm,86,72
https://www.glassdoor.com/Reviews/Intermountain-Health-Reviews-E2842.htm,61,69
https://www.glassdoor.com/Reviews/Convergys-Reviews-E8348.htm,66,52
https://www.glassdoor.com/Reviews/Northern-Trust-Reviews-E1710.htm,91,80
https://www.glassdoor.com/Reviews/Continental-Reviews-E3768.htm,72,78
https://www.glassdoor.com/Reviews/Collins-Aerospace-Reviews-E2375726.htm,80,74
https://www.glassdoor.com/Reviews/Cushman-and-Wakefield-Reviews-E7416.htm,79,70
https://www.glassdoor.com/Reviews/Georgia-Tech-Reviews-E33375.htm,89,88
https://www.glassdoor.com/Reviews/Electronic-Arts-Reviews-E1628.htm,80,82
https://www.glassdoor.com/Reviews/Grainger-Reviews-E711.htm,90,82
https://www.glassdoor.com/Reviews/UC-Davis-Reviews-E32514.htm,67,82
https://www.glassdoor.com/Reviews/Little-Caesars-Pizza-Reviews-E2877.htm,65,52
https://www.glassdoor.com/Reviews/Regal-Reviews-E14917.htm,40,57
https://www.glassdoor.com/Reviews/Hexaware-Technologies-Reviews-E29098.htm,86,71
https://www.glassdoor.com/Reviews/J-B-Hunt-Transport-Reviews-E1540.htm,82,69
https://www.glassdoor.com/Reviews/Warner-Bros-Discovery-Reviews-E12777.htm,43,67
https://www.glassdoor.com/Reviews/American-Income-Life-Reviews-E107579.htm,83,64
https://www.glassdoor.com/Reviews/Great-Clips-Reviews-E137809.htm,80,73
https://www.glassdoor.com/Reviews/Est%C3%A9e-Lauder-Companies-Reviews-E2785.htm,85,75
https://www.glassdoor.com/Reviews/Dow-Reviews-E207.htm,85,81
https://www.glassdoor.com/Reviews/Aflac-Reviews-E1302.htm,92,68
https://www.glassdoor.com/Reviews/Sutherland-Reviews-E25705.htm,79,69
https://www.glassdoor.com/Reviews/General-Mills-Reviews-E278.htm,89,80
https://www.glassdoor.com/Reviews/University-of-Illinois-at-Urbana-Champaign-Reviews-E142738.htm,89,88
https://www.glassdoor.com/Reviews/BAYADA-Home-Health-Care-Reviews-E153924.htm,76,69
https://www.glassdoor.com/Reviews/KeyBank-Reviews-E381.htm,84,70
https://www.glassdoor.com/Reviews/Express-Reviews-E14597.htm,58,50
https://www.glassdoor.com/Reviews/Motorola-Solutions-Reviews-E427189.htm,92,80
https://www.glassdoor.com/Reviews/Baxter-Reviews-E83.htm,71,67
https://www.glassdoor.com/Reviews/Soci%C3%A9t%C3%A9-G%C3%A9n%C3%A9rale-Reviews-E10350.htm,100,57
https://www.glassdoor.com/Reviews/CDW-Reviews-E2347.htm,88,77
https://www.glassdoor.com/Reviews/Virtusa-Reviews-E29396.htm,87,75
https://www.glassdoor.com/Reviews/WM-Reviews-E2094.htm,77,61
https://www.glassdoor.com/Reviews/Toyota-North-America-Reviews-E3544.htm,78,69
https://www.glassdoor.com/Reviews/Protiviti-Reviews-E30849.htm,91,83
https://www.glassdoor.com/Reviews/Twitter-Reviews-E100569.htm,24,36
https://www.glassdoor.com/Reviews/Regions-Financial-Reviews-E1397.htm,78,65
https://www.glassdoor.com/Reviews/Mars-Reviews-E2886.htm,91,88
https://www.glassdoor.com/Reviews/J-Crew-Reviews-E2848.htm,85,75
https://www.glassdoor.com/Reviews/Liveops-Reviews-E105609.htm,75,65
https://www.glassdoor.com/Reviews/University-of-Wisconsin-Madison-Reviews-E582975.htm,87,84
https://www.glassdoor.com/Reviews/Greystar-Reviews-E214146.htm,82,72
https://www.glassdoor.com/Reviews/Yale-University-Reviews-E3045.htm,85,81
https://www.glassdoor.com/Reviews/Washington-University-in-St-Louis-Reviews-E3727.htm,84,80
https://www.glassdoor.com/Reviews/Hobby-Lobby-Reviews-E7537.htm,53,53
https://www.glassdoor.com/Reviews/GE-Aerospace-Reviews-E8674.htm,82,79
https://www.glassdoor.com/Reviews/Duke-University-Reviews-E2775.htm,86,78
https://www.glassdoor.com/Reviews/Larsen-and-Toubro-Reviews-E41782.htm,84,68
https://www.glassdoor.com/Reviews/Takeda-Pharmaceuticals-Reviews-E7774.htm,88,82
https://www.glassdoor.com/Reviews/Patni-Computer-Systems-Reviews-E17328.htm,99,77
https://www.glassdoor.com/Reviews/Red-Hat-Reviews-E8868.htm,71,82
https://www.glassdoor.com/Reviews/DocuSign-Reviews-E307604.htm,47,65
https://www.glassdoor.com/Reviews/In-N-Out-Burger-Reviews-E14276.htm,92,86
https://www.glassdoor.com/Reviews/Avanade-Reviews-E11701.htm,93,86
https://www.glassdoor.com/Reviews/Massachusetts-General-Hospital-Reviews-E20189.htm,86,79
https://www.glassdoor.com/Reviews/Ricoh-Reviews-E21210.htm,75,59
https://www.glassdoor.com/Reviews/First-Student-Reviews-E16694.htm,85,73
https://www.glassdoor.com/Reviews/American-Automobile-Association-AAA-Reviews-E2705.htm,67,53
https://www.glassdoor.com/Reviews/Birlasoft-Reviews-E30748.htm,84,69
https://www.glassdoor.com/Reviews/Circle-K-Reviews-E195842.htm,60,49
https://www.glassdoor.com/Reviews/Arby-s-Reviews-E41477.htm,67,51
https://www.glassdoor.com/Reviews/Gilead-Sciences-Reviews-E2016.htm,87,73
https://www.glassdoor.com/Reviews/Cognizant-Reviews-E5364600.htm,79,73
https://www.glassdoor.com/Reviews/Juniper-Networks-Reviews-E7224.htm,92,86
https://www.glassdoor.com/Reviews/O-Reilly-Auto-Parts-Reviews-E2328.htm,62,54
https://www.glassdoor.com/Reviews/Ralph-Lauren-Reviews-E2937.htm,88,71
https://www.glassdoor.com/Reviews/Brigham-Young-University-BYU-Reviews-E21395.htm,95,92
https://www.glassdoor.com/Reviews/Six-Flags-Reviews-E6021.htm,37,56
https://www.glassdoor.com/Reviews/Kiewit-Corporation-Reviews-E2935.htm,90,73
https://www.glassdoor.com/Reviews/MD-Anderson-Cancer-Center-Reviews-E19300.htm,87,81
https://www.glassdoor.com/Reviews/Capgemini-Engineering-Reviews-E28187.htm,93,69
https://www.glassdoor.com/Reviews/Mondel%C4%93z-International-Reviews-E628257.htm,87,79
https://www.glassdoor.com/Reviews/CACI-International-Reviews-E1201.htm,86,76
https://www.glassdoor.com/Reviews/Eurofins-Scientific-Reviews-E25113.htm,71,58
https://www.glassdoor.com/Reviews/University-of-Utah-Reviews-E33467.htm,83,83
https://www.glassdoor.com/Reviews/Williams-Sonoma-Inc-Reviews-E2043.htm,67,55
https://www.glassdoor.com/Reviews/Cyient-Reviews-E145213.htm,86,68
https://www.glassdoor.com/Reviews/Uniqlo-Reviews-E320880.htm,72,54
https://www.glassdoor.com/Reviews/Bloomingdale-s-Reviews-E14465.htm,60,47
https://www.glassdoor.com/Reviews/C-H-Robinson-Reviews-E7124.htm,84,63
https://www.glassdoor.com/Reviews/WSP-Reviews-E13584.htm,79,72
https://www.glassdoor.com/Reviews/Cornell-University-Reviews-E3732.htm,84,86
https://www.glassdoor.com/Reviews/SpaceX-Reviews-E40371.htm,84,71
https://www.glassdoor.com/Reviews/Boston-University-Reviews-E3734.htm,72,75
https://www.glassdoor.com/Reviews/Foot-Locker-Reviews-E238.htm,62,65
https://www.glassdoor.com/Reviews/ICON-Reviews-E8344.htm,74,70
https://www.glassdoor.com/Reviews/FactSet-Reviews-E6066.htm,95,87
https://www.glassdoor.com/Reviews/Edelman-Reviews-E4608.htm,84,73
https://www.glassdoor.com/Reviews/Albertsons-Companies-Reviews-E22.htm,64,53
https://www.glassdoor.com/Reviews/Shoprite-Supermarkets-Reviews-E346610.htm,68,55
https://www.glassdoor.com/Reviews/Everise-Reviews-E411039.htm,93,92
https://www.glassdoor.com/Reviews/REI-Reviews-E7319.htm,56,76
https://www.glassdoor.com/Reviews/Coforge-Reviews-E36319.htm,88,77
https://www.glassdoor.com/Reviews/Anonymous-Content-Reviews-E32408.htm,82,72
https://www.glassdoor.com/Reviews/DSW-Reviews-E38052.htm,73,65
https://www.glassdoor.com/Reviews/BDO-USA-Reviews-E346477.htm,81,69
https://www.glassdoor.com/Reviews/Sedgwick-Reviews-E31568.htm,65,53
https://www.glassdoor.com/Reviews/Henkel-Reviews-E3217.htm,94,90
https://www.glassdoor.com/Reviews/Collabera-Reviews-E13754.htm,82,73
https://www.glassdoor.com/Reviews/Zillow-Reviews-E40802.htm,70,74
https://www.glassdoor.com/Reviews/Wawa-Reviews-E3041.htm,81,68
https://www.glassdoor.com/Reviews/Bright-Horizons-Family-Solutions-Reviews-E6525.htm,75,64
https://www.glassdoor.com/Reviews/Red-Robin-Reviews-E14609.htm,57,52
https://www.glassdoor.com/Reviews/Blue-Cross-Blue-Shield-of-Illinois-Montana-New-Mexico-Oklahoma-and-Texas-HCSC-Reviews-E5787.htm,82,75
https://www.glassdoor.com/Reviews/UT-Southwestern-Medical-Center-Reviews-E121396.htm,84,72
https://www.glassdoor.com/Reviews/NIH-Reviews-E11709.htm,93,89
https://www.glassdoor.com/Reviews/Express-Scripts-Reviews-E2212.htm,58,47
https://www.glassdoor.com/Reviews/Orangetheory-Fitness-Reviews-E688042.htm,81,69
https://www.glassdoor.com/Reviews/Love-s-Travel-Stops-and-Country-Stores-Reviews-E8902.htm,91,79
https://www.glassdoor.com/Reviews/Booking-com-Reviews-E256653.htm,82,85
https://www.glassdoor.com/Reviews/Michigan-State-University-Reviews-E7795.htm,78,85
https://www.glassdoor.com/Reviews/The-Salvation-Army-Reviews-E2965.htm,65,57
https://www.glassdoor.com/Reviews/Emory-University-Reviews-E2782.htm,90,81
https://www.glassdoor.com/Reviews/Rackspace-Technology-Reviews-E11783.htm,59,63
https://www.glassdoor.com/Reviews/GNC-Reviews-E2270.htm,48,47
https://www.glassdoor.com/Reviews/BBVA-Reviews-E1237.htm,84,71
https://www.glassdoor.com/Reviews/Power-Home-Remodeling-Reviews-E405781.htm,96,91
https://www.glassdoor.com/Reviews/Netflix-Reviews-E11891.htm,90,82
https://www.glassdoor.com/Reviews/Sunrise-Senior-Living-Reviews-E6023.htm,64,55
https://www.glassdoor.com/Reviews/Baker-Hughes-Reviews-E1902699.htm,83,78
https://www.glassdoor.com/Reviews/24-Hour-Fitness-Reviews-E8479.htm,69,64
https://www.glassdoor.com/Reviews/CARVANA-Reviews-E750603.htm,42,40
https://www.glassdoor.com/Reviews/US-Census-Bureau-Reviews-E33473.htm,78,83
https://www.glassdoor.com/Reviews/Whataburger-Reviews-E3438.htm,65,53
https://www.glassdoor.com/Reviews/SunTrust-Reviews-E631.htm,84,71
https://www.glassdoor.com/Reviews/Dignity-Health-Reviews-E2741.htm,72,71
https://www.glassdoor.com/Reviews/Stanley-Black-and-Decker-Reviews-E350350.htm,64,63
https://www.glassdoor.com/Reviews/TIAA-Reviews-E2998.htm,84,78
https://www.glassdoor.com/Reviews/U-Haul-Reviews-E236315.htm,65,58
https://www.glassdoor.com/Reviews/Enterprise-Holdings-Reviews-E354335.htm,86,69
https://www.glassdoor.com/Reviews/WeWork-Reviews-E661275.htm,71,61
https://www.glassdoor.com/Reviews/Belk-Reviews-E2732.htm,62,54
https://www.glassdoor.com/Reviews/Hitachi-Vantara-Reviews-E1802134.htm,72,51
https://www.glassdoor.com/Reviews/Arm-Reviews-E7834.htm,75,85
https://www.glassdoor.com/Reviews/Chewy-Reviews-E815856.htm,71,64
https://www.glassdoor.com/Reviews/GoDaddy-Reviews-E35337.htm,67,66
https://www.glassdoor.com/Reviews/AlphaSights-Reviews-E465088.htm,76,56
https://www.glassdoor.com/Reviews/JOANN-Stores-Reviews-E241.htm,28,36
https://www.glassdoor.com/Reviews/Infor-Reviews-E15375.htm,86,80
https://www.glassdoor.com/Reviews/University-of-Arizona-Reviews-E24228.htm,69,80
https://www.glassdoor.com/Reviews/BJ-s-Wholesale-Club-Reviews-E6813.htm,47,43
https://www.glassdoor.com/Reviews/JetBlue-Reviews-E11385.htm,63,60
https://www.glassdoor.com/Reviews/FedEx-Office-Reviews-E3959.htm,67,59
https://www.glassdoor.com/Reviews/KinderCare-Learning-Centers-Reviews-E241715.htm,45,37
https://www.glassdoor.com/Reviews/Gallagher-Reviews-E57.htm,79,62
https://www.glassdoor.com/Reviews/IHG-Hotels-and-Resorts-Reviews-E4232.htm,88,74
https://www.glassdoor.com/Reviews/University-of-Illinois-at-Chicago-Reviews-E149533.htm,83,80
https://www.glassdoor.com/Reviews/Sage-Reviews-E1150.htm,91,81
https://www.glassdoor.com/Reviews/Navy-Federal-Credit-Union-Reviews-E7281.htm,88,80
https://www.glassdoor.com/Reviews/Wolters-Kluwer-Reviews-E10497.htm,86,69
https://www.glassdoor.com/Reviews/Siemens-Healthineers-Reviews-E1317005.htm,92,79
https://www.glassdoor.com/Reviews/Grubhub-Reviews-E419089.htm,38,62
https://www.glassdoor.com/Reviews/Georgia-Pacific-Reviews-E284.htm,77,68
https://www.glassdoor.com/Reviews/Stop-and-Shop-Reviews-E2117.htm,46,43
https://www.glassdoor.com/Reviews/University-of-Miami-Reviews-E33297.htm,79,74
https://www.glassdoor.com/Reviews/European-Wax-Center-Reviews-E397347.htm,54,46
https://www.glassdoor.com/Reviews/Chubb-Reviews-E150.htm,73,69
https://www.glassdoor.com/Reviews/Ameriprise-Reviews-E15316.htm,81,73
https://www.glassdoor.com/Reviews/Big-Lots-Reviews-E177.htm,44,46
https://www.glassdoor.com/Reviews/Encompass-Health-Reviews-E1959649.htm,76,63
https://www.glassdoor.com/Reviews/Volvo-Group-Reviews-E3516.htm,100,84
https://www.glassdoor.com/Reviews/North-Carolina-State-University-Reviews-E23944.htm,87,84
https://www.glassdoor.com/Reviews/Under-Armour-Reviews-E15422.htm,82,74
https://www.glassdoor.com/Reviews/Freddie-Mac-Reviews-E1585.htm,30,57
https://www.glassdoor.com/Reviews/HomeGoods-Reviews-E295057.htm,69,57
https://www.glassdoor.com/Reviews/CA-Technologies-Reviews-E167.htm,65,69
https://www.glassdoor.com/Reviews/Caesars-Entertainment-Reviews-E367190.htm,66,54
https://www.glassdoor.com/Reviews/Atrium-Health-Reviews-E20209.htm,74,75
https://www.glassdoor.com/Reviews/MedPro-Healthcare-Staffing-Reviews-E476604.htm,70,60
https://www.glassdoor.com/Reviews/Illumina-Reviews-E11671.htm,28,69
https://www.glassdoor.com/Reviews/Assurant-Reviews-E13793.htm,73,64
https://www.glassdoor.com/Reviews/Northeastern-University-Reviews-E23363.htm,81,82
https://www.glassdoor.com/Reviews/Northwestern-Medicine-Reviews-E120846.htm,67,69
https://www.glassdoor.com/Reviews/Speedway-LLC-Reviews-E19382.htm,47,40
https://www.glassdoor.com/Reviews/TD-Ameritrade-Reviews-E6601.htm,88,78
https://www.glassdoor.com/Reviews/Advocate-Aurora-Health-Reviews-E2323279.htm,76,75
https://www.glassdoor.com/Reviews/Hogan-Transportation-Companies-Reviews-E218557.htm,83,58
https://www.glassdoor.com/Reviews/TikTok-Reviews-E2230881.htm,74,58
https://www.glassdoor.com/Reviews/Fred-Meyer-Reviews-E14993.htm,31,42
https://www.glassdoor.com/Reviews/Tim-Hortons-Reviews-E15227.htm,63,52
https://www.glassdoor.com/Reviews/Kimberly-Clark-Reviews-E383.htm,89,82
https://www.glassdoor.com/Reviews/Compass-Group-Reviews-E10832.htm,63,59
https://www.glassdoor.com/Reviews/DuPont-Reviews-E215.htm,72,76
https://www.glassdoor.com/Reviews/Sutter-Health-Reviews-E4654.htm,79,69
https://www.glassdoor.com/Reviews/World-Wide-Technology-Reviews-E9553.htm,90,78
https://www.glassdoor.com/Reviews/Crowe-LLP-Reviews-E9414.htm,97,83
https://www.glassdoor.com/Reviews/Fannie-Mae-Reviews-E247.htm,88,81
https://www.glassdoor.com/Reviews/Genesis-Healthcare-Reviews-E33727.htm,43,45
https://www.glassdoor.com/Reviews/Huawei-Technologies-Reviews-E9304.htm,80,63
https://www.glassdoor.com/Reviews/Stellantis-Reviews-E4463465.htm,72,66
https://www.glassdoor.com/Reviews/Tractor-Supply-Reviews-E2602.htm,78,62
https://www.glassdoor.com/Reviews/ICF-Reviews-E18654.htm,87,72
https://www.glassdoor.com/Reviews/Kindred-Hospitals-Reviews-E8220.htm,51,51
https://www.glassdoor.com/Reviews/IHS-Markit-Reviews-E1337673.htm,95,84
https://www.glassdoor.com/Reviews/Giant-Eagle-Reviews-E2796.htm,61,52
https://www.glassdoor.com/Reviews/Waffle-House-Reviews-E6491.htm,77,57
https://www.glassdoor.com/Reviews/Anheuser-Busch-InBev-Reviews-E428473.htm,81,72
https://www.glassdoor.com/Reviews/NHS-Reviews-E12873.htm,68,66
https://www.glassdoor.com/Reviews/BMO-Financial-Group-Reviews-E3765.htm,83,74
https://www.glassdoor.com/Reviews/Republic-Services-Reviews-E8328.htm,78,60
https://www.glassdoor.com/Reviews/GlobalFoundries-Reviews-E229997.htm,73,63
https://www.glassdoor.com/Reviews/M-and-T-Bank-Reviews-E858.htm,81,64
https://www.glassdoor.com/Reviews/QuikTrip-Reviews-E2947.htm,84,75
https://www.glassdoor.com/Reviews/Union-Pacific-Reviews-E691.htm,19,26
https://www.glassdoor.com/Reviews/Aspen-Dental-Reviews-E141614.htm,56,43
https://www.glassdoor.com/Reviews/Rockwell-Automation-Reviews-E567.htm,91,81
https://www.glassdoor.com/Reviews/Winn-Dixie-Reviews-E739.htm,64,52
https://www.glassdoor.com/Reviews/Hallmark-Reviews-E2813.htm,70,65
https://www.glassdoor.com/Reviews/Stitch-Fix-Reviews-E783817.htm,31,49
https://www.glassdoor.com/Reviews/CDK-Global-Reviews-E870191.htm,22,40
https://www.glassdoor.com/Reviews/US-Foods-Reviews-E2856.htm,63,61
https://www.glassdoor.com/Reviews/The-Fresh-Market-Reviews-E33927.htm,58,45
https://www.glassdoor.com/Reviews/Lenovo-Reviews-E8034.htm,91,78
https://www.glassdoor.com/Reviews/Kantar-Reviews-E224811.htm,85,71
https://www.glassdoor.com/Reviews/Unisys-Reviews-E692.htm,76,68
https://www.glassdoor.com/Reviews/Huntington-National-Bank-Reviews-E1496.htm,84,69
https://www.glassdoor.com/Reviews/NOV-Reviews-E3306.htm,78,71
https://www.glassdoor.com/Reviews/Reynolds-and-Reynolds-Reviews-E564.htm,72,57
https://www.glassdoor.com/Reviews/SSM-Health-Reviews-E2987.htm,63,60
https://www.glassdoor.com/Reviews/Mercy-Reviews-E4653.htm,68,66
https://www.glassdoor.com/Reviews/Ace-Hardware-Reviews-E2699.htm,78,67
https://www.glassdoor.com/Reviews/Parker-Hannifin-Reviews-E517.htm,100,73
https://www.glassdoor.com/Reviews/David-s-Bridal-Reviews-E9124.htm,43,47
https://www.glassdoor.com/Reviews/UnitedHealthCare-Reviews-E3000093.htm,79,65
https://www.glassdoor.com/Reviews/Ogilvy-Reviews-E13661.htm,87,70
https://www.glassdoor.com/Reviews/UNC-Chapel-Hill-Reviews-E561649.htm,72,76
https://www.glassdoor.com/Reviews/Sally-Beauty-Reviews-E17422.htm,37,44
https://www.glassdoor.com/Reviews/Motorola-Mobility-Reviews-E451.htm,84,84
https://www.glassdoor.com/Reviews/Avis-Budget-Group-Reviews-E7303.htm,67,56
https://www.glassdoor.com/Reviews/IRS-Reviews-E41427.htm,70,66
https://www.glassdoor.com/Reviews/DoorDash-Reviews-E813073.htm,65,69
https://www.glassdoor.com/Reviews/University-of-Georgia-Reviews-E25403.htm,76,80
https://www.glassdoor.com/Reviews/MITRE-Reviews-E3976.htm,21,43
https://www.glassdoor.com/Reviews/Coach-Reviews-E12070.htm,85,75
https://www.glassdoor.com/Reviews/Stericycle-Reviews-E6009.htm,56,46
https://www.glassdoor.com/Reviews/Nutanix-Reviews-E429159.htm,82,81
https://www.glassdoor.com/Reviews/SAS-Reviews-E3807.htm,85,80
https://www.glassdoor.com/Reviews/Mathnasium-Reviews-E245646.htm,88,78
https://www.glassdoor.com/Reviews/BDO-Reviews-E7508.htm,78,71
https://www.glassdoor.com/Reviews/Syneos-Health-Reviews-E1930341.htm,80,73
https://www.glassdoor.com/Reviews/Ryder-System-Reviews-E575.htm,78,62
https://www.glassdoor.com/Reviews/Alight-Solutions-Reviews-E1729719.htm,71,64
https://www.glassdoor.com/Reviews/Compunnel-Reviews-E141123.htm,94,87
https://www.glassdoor.com/Reviews/UC-Irvine-Reviews-E31144.htm,81,87
https://www.glassdoor.com/Reviews/Epsilon-Reviews-E39997.htm,87,79
https://www.glassdoor.com/Reviews/ProMedica-Senior-Care-Reviews-E354848.htm,45,49
https://www.glassdoor.com/Reviews/Boehringer-Ingelheim-Reviews-E10416.htm,89,84
https://www.glassdoor.com/Reviews/Thales-Reviews-E10358.htm,80,70
https://www.glassdoor.com/Reviews/Levi-Strauss-Reviews-E2872.htm,86,69
https://www.glassdoor.com/Reviews/Kellogg-Company-Reviews-E377.htm,85,74
https://www.glassdoor.com/Reviews/Vanderbilt-University-Medical-Center-Reviews-E34889.htm,70,69
https://www.glassdoor.com/Reviews/Home-Instead-Reviews-E592979.htm,75,62
https://www.glassdoor.com/Reviews/Cellular-Sales-Reviews-E152005.htm,78,65
https://www.glassdoor.com/Reviews/Airbnb-Reviews-E391850.htm,84,84
https://www.glassdoor.com/Reviews/Truist-Reviews-E3145458.htm,63,54
https://www.glassdoor.com/Reviews/Gap-Inc-Reviews-E1070099.htm,51,62
https://www.glassdoor.com/Reviews/Success-Academy-Charter-Schools-Reviews-E381408.htm,30,32
https://www.glassdoor.com/Reviews/Memorial-Hermann-Health-System-Reviews-E4459.htm,87,77
https://www.glassdoor.com/Reviews/Chicago-Public-Schools-Reviews-E133773.htm,48,60
https://www.glassdoor.com/Reviews/Gensler-Reviews-E14045.htm,86,79
https://www.glassdoor.com/Reviews/Inova-Reviews-E6293.htm,83,71
https://www.glassdoor.com/Reviews/Five-Guys-Burgers-and-Fries-Reviews-E313650.htm,79,60
https://www.glassdoor.com/Reviews/CHI-Reviews-E4652.htm,58,62
https://www.glassdoor.com/Reviews/Ipsos-Reviews-E13063.htm,83,68
https://www.glassdoor.com/Reviews/National-Instruments-Reviews-E4030.htm,66,72
https://www.glassdoor.com/Reviews/CoStar-Group-Reviews-E7901.htm,42,41
https://www.glassdoor.com/Reviews/RadioShack-Reviews-E641.htm,44,32
https://www.glassdoor.com/Reviews/Brigham-and-Women-s-Hospital-Reviews-E20213.htm,71,65
https://www.glassdoor.com/Reviews/Pier-1-Imports-Reviews-E532.htm,45,57
https://www.glassdoor.com/Reviews/US-Coast-Guard-Reviews-E41291.htm,60,78
https://www.glassdoor.com/Reviews/Boston-Children-s-Hospital-Reviews-E18645.htm,91,77
https://www.glassdoor.com/Reviews/CROSSMARK-Reviews-E9286.htm,63,55
https://www.glassdoor.com/Reviews/Tyson-Foods-Reviews-E1975.htm,63,58
https://www.glassdoor.com/Reviews/R-R-Donnelley-Reviews-E554.htm,63,57
https://www.glassdoor.com/Reviews/Virginia-Tech-Reviews-E22832.htm,76,81
https://www.glassdoor.com/Reviews/Cinemark-Reviews-E3612.htm,77,69
https://www.glassdoor.com/Reviews/athenahealth-Reviews-E18207.htm,82,72
https://www.glassdoor.com/Reviews/Akamai-Reviews-E9219.htm,96,93
https://www.glassdoor.com/Reviews/Red-Bull-Reviews-E12190.htm,91,82
https://www.glassdoor.com/Reviews/The-Children-s-Place-Reviews-E7028.htm,55,41
https://www.glassdoor.com/Reviews/Party-City-Reviews-E6126.htm,47,50
https://www.glassdoor.com/Reviews/University-of-Colorado-Boulder-Reviews-E313289.htm,72,81
https://www.glassdoor.com/Reviews/MarketSource-Reviews-E29386.htm,68,59
https://www.glassdoor.com/Reviews/Bob-Evans-Restaurants-Reviews-E1190.htm,73,61
https://www.glassdoor.com/Reviews/Marsh-McLennan-Reviews-E426.htm,91,79
https://www.glassdoor.com/Reviews/General-Atomics-Reviews-E5606.htm,68,63
https://www.glassdoor.com/Reviews/Advisory-Board-Reviews-E13494.htm,90,79
https://www.glassdoor.com/Reviews/Carnegie-Mellon-University-Reviews-E20962.htm,95,87
https://www.glassdoor.com/Reviews/Nestl%C3%A9-Purina-U-S-Reviews-E14081.htm,80,72
https://www.glassdoor.com/Reviews/Qualtrics-Reviews-E323717.htm,63,66
https://www.glassdoor.com/Reviews/Arcadis-Reviews-E32491.htm,93,84
https://www.glassdoor.com/Reviews/Marlabs-Reviews-E15518.htm,88,80
https://www.glassdoor.com/Reviews/United-Wholesale-Mortgage-UWM-Reviews-E699293.htm,42,30
https://www.glassdoor.com/Reviews/Seagate-Technology-Reviews-E1864.htm,59,57
https://www.glassdoor.com/Reviews/IGATE-Reviews-E3280.htm,92,60
https://www.glassdoor.com/Reviews/EXL-Service-Reviews-E37901.htm,86,73
https://www.glassdoor.com/Reviews/iHeartMedia-Reviews-E354635.htm,49,43
https://www.glassdoor.com/Reviews/Reckitt-Reviews-E3600.htm,79,75
https://www.glassdoor.com/Reviews/Windstream-Reviews-E41693.htm,59,54
https://www.glassdoor.com/Reviews/Sheetz-Reviews-E4015.htm,84,71
https://www.glassdoor.com/Reviews/BT-Reviews-E3463.htm,52,51
https://www.glassdoor.com/Reviews/Cross-Country-Nurses-Reviews-E311559.htm,67,63
https://www.glassdoor.com/Reviews/Social-Security-Administration-Reviews-E41689.htm,44,42
https://www.glassdoor.com/Reviews/Nuance-Reviews-E5667.htm,90,80
https://www.glassdoor.com/Reviews/West-Technology-Group-Reviews-E6504.htm,74,70
https://www.glassdoor.com/Reviews/Catalent-Pharma-Reviews-E43266.htm,39,50
https://www.glassdoor.com/Reviews/BB-and-T-Reviews-E1893.htm,75,58
https://www.glassdoor.com/Reviews/Pacific-Gas-and-Electric-Reviews-E15208.htm,72,79
https://www.glassdoor.com/Reviews/Magna-International-Reviews-E5767.htm,84,70
https://www.glassdoor.com/Reviews/loanDepot-Reviews-E375743.htm,48,48
https://www.glassdoor.com/Reviews/Kearney-Reviews-E13437.htm,94,85
https://www.glassdoor.com/Reviews/Better-Reviews-E707577.htm,15,26
https://www.glassdoor.com/Reviews/Gannett-Reviews-E272.htm,36,36
https://www.glassdoor.com/Reviews/Vivint-Reviews-E403923.htm,73,61
https://www.glassdoor.com/Reviews/Paylocity-Reviews-E29987.htm,86,72
https://www.glassdoor.com/Reviews/Omni-Hotels-Reviews-E19022.htm,85,75
https://www.glassdoor.com/Reviews/TSA-Transportation-Security-Administration-Reviews-E41347.htm,55,51
https://www.glassdoor.com/Reviews/Publicis-Groupe-Reviews-E5844.htm,94,81
https://www.glassdoor.com/Reviews/Insight-Reviews-E3823.htm,71,70
https://www.glassdoor.com/Reviews/Ferguson-Enterprises-Reviews-E8543.htm,80,62
https://www.glassdoor.com/Reviews/Morningstar-Reviews-E3299.htm,94,86
https://www.glassdoor.com/Reviews/University-of-Virginia-Reviews-E8336.htm,89,81
https://www.glassdoor.com/Reviews/Journeys-Reviews-E255062.htm,37,46
https://www.glassdoor.com/Reviews/Regeneron-Reviews-E981.htm,84,72
https://www.glassdoor.com/Reviews/Macquarie-Group-Reviews-E12088.htm,97,92
https://www.glassdoor.com/Reviews/Tesco-Reviews-E10250.htm,70,69
https://www.glassdoor.com/Reviews/Cox-Automotive-Reviews-E981845.htm,87,80
https://www.glassdoor.com/Reviews/Houston-Methodist-Reviews-E4460.htm,93,89
https://www.glassdoor.com/Reviews/TE-Connectivity-Reviews-E18055.htm,88,78
https://www.glassdoor.com/Reviews/Claire-s-Stores-Reviews-E155.htm,46,35
https://www.glassdoor.com/Reviews/Equifax-Reviews-E232.htm,66,59
https://www.glassdoor.com/Reviews/Medline-Industries-Reviews-E4486.htm,78,69
https://www.glassdoor.com/Reviews/Agilent-Technologies-Reviews-E9711.htm,95,86
https://www.glassdoor.com/Reviews/Pratt-and-Whitney-Reviews-E11041.htm,74,73
https://www.glassdoor.com/Reviews/WestRock-Reviews-E1033056.htm,59,61
https://www.glassdoor.com/Reviews/Equinox-Reviews-E134448.htm,64,65
https://www.glassdoor.com/Reviews/Dallas-Independent-School-District-Reviews-E132179.htm,62,52
https://www.glassdoor.com/Reviews/Confidential-Reviews-E3147060.htm,86,69
https://www.glassdoor.com/Reviews/Discount-Tire-Reviews-E6632.htm,80,71
https://www.glassdoor.com/Reviews/LexisNexis-Legal-and-Professional-Reviews-E4146.htm,89,77
https://www.glassdoor.com/Reviews/Change-Healthcare-Reviews-E901352.htm,60,52
https://www.glassdoor.com/Reviews/KBR-Reviews-E18604.htm,92,77
https://www.glassdoor.com/Reviews/P-F-Chang-s-Reviews-E8554.htm,74,65
https://www.glassdoor.com/Reviews/Primark-Reviews-E36867.htm,75,66
https://www.glassdoor.com/Reviews/Cadence-Design-Systems-Reviews-E1217.htm,94,91
https://www.glassdoor.com/Reviews/Appen-Reviews-E667913.htm,64,72
https://www.glassdoor.com/Reviews/Vans-Reviews-E881.htm,74,75
https://www.glassdoor.com/Reviews/Turner-Construction-Reviews-E19014.htm,93,84
https://www.glassdoor.com/Reviews/Indiana-University-Health-Reviews-E390286.htm,55,57
https://www.glassdoor.com/Reviews/Capital-Group-Reviews-E9441.htm,82,79
https://www.glassdoor.com/Reviews/University-of-South-Florida-Reviews-E33888.htm,86,79
https://www.glassdoor.com/Reviews/Palo-Alto-Networks-Reviews-E115142.htm,91,80
https://www.glassdoor.com/Reviews/ASML-Reviews-E5781.htm,94,85
https://www.glassdoor.com/Reviews/Los-Angeles-USD-Reviews-E111599.htm,56,68
https://www.glassdoor.com/Reviews/Molina-Healthcare-Reviews-E15828.htm,75,57
https://www.glassdoor.com/Reviews/DHL-Express-Reviews-E38615.htm,86,78
https://www.glassdoor.com/Reviews/Red-Ventures-Reviews-E142090.htm,62,59
https://www.glassdoor.com/Reviews/Yardi-Systems-Reviews-E31057.htm,92,82
https://www.glassdoor.com/Reviews/Varsity-Tutors-Reviews-E431872.htm,54,51
https://www.glassdoor.com/Reviews/The-World-Bank-Reviews-E41195.htm,74,82
https://www.glassdoor.com/Reviews/Jersey-Mike-s-Reviews-E17062.htm,82,62
https://www.glassdoor.com/Reviews/Geek-Squad-Reviews-E307701.htm,58,73
https://www.glassdoor.com/Reviews/Merkle-Reviews-E22280.htm,76,67
https://www.glassdoor.com/Reviews/OpenText-Reviews-E5694.htm,71,67
https://www.glassdoor.com/Reviews/CHRISTUS-Health-Reviews-E11710.htm,71,60
https://www.glassdoor.com/Reviews/MGM-Resorts-International-Reviews-E1260.htm,73,63
https://www.glassdoor.com/Reviews/KPIT-Technologies-Reviews-E28977.htm,90,78
https://www.glassdoor.com/Reviews/MassMutual-Reviews-E2890.htm,88,73
https://www.glassdoor.com/Reviews/Morrison-Healthcare-Reviews-E5949.htm,77,61
https://www.glassdoor.com/Reviews/Saks-Fifth-Avenue-Stores-SFA-Reviews-E2963.htm,52,46
https://www.glassdoor.com/Reviews/UCHealth-Reviews-E668641.htm,71,70
https://www.glassdoor.com/Reviews/ABM-Industries-Reviews-E32.htm,62,49
https://www.glassdoor.com/Reviews/Four-Seasons-Reviews-E4202.htm,91,76
https://www.glassdoor.com/Reviews/Jabil-Reviews-E2330.htm,98,76
https://www.glassdoor.com/Reviews/Raymond-James-Financial-Reviews-E559.htm,89,82
https://www.glassdoor.com/Reviews/KPMG-US-Reviews-E4930476.htm,82,74
https://www.glassdoor.com/Reviews/Arrow-Electronics-Reviews-E56.htm,84,71
https://www.glassdoor.com/Reviews/Teradata-Reviews-E14638.htm,78,72
https://www.glassdoor.com/Reviews/G4S-Secure-Solutions-Reviews-E713.htm,71,62
https://www.glassdoor.com/Reviews/Acosta-Reviews-E17488.htm,67,58
https://www.glassdoor.com/Reviews/TransPerfect-Reviews-E32824.htm,56,49
https://www.glassdoor.com/Reviews/Biogen-Reviews-E1336.htm,73,73
https://www.glassdoor.com/Reviews/OneMain-Financial-Reviews-E13598.htm,71,59
https://www.glassdoor.com/Reviews/AXA-Reviews-E10343.htm,89,77
https://www.glassdoor.com/Reviews/University-of-Iowa-Reviews-E3019.htm,85,78
https://www.glassdoor.com/Reviews/HARMAN-Reviews-E315.htm,87,78
https://www.glassdoor.com/Reviews/Sogeti-Reviews-E12028.htm,57,66
https://www.glassdoor.com/Reviews/Glassdoor-Reviews-E100431.htm,91,89
https://www.glassdoor.com/Reviews/VCA-Reviews-E2106.htm,45,47
https://www.glassdoor.com/Reviews/Boys-and-Girls-Clubs-of-America-Reviews-E21079.htm,85,71
https://www.glassdoor.com/Reviews/Other-Reviews-E538078.htm,89,77
https://www.glassdoor.com/Reviews/Broadridge-Reviews-E42559.htm,93,79
https://www.glassdoor.com/Reviews/Garmin-Reviews-E12667.htm,85,74
https://www.glassdoor.com/Reviews/University-of-Kentucky-Reviews-E3020.htm,78,77
https://www.glassdoor.com/Reviews/Trane-Technologies-Reviews-E349.htm,81,75
https://www.glassdoor.com/Reviews/Vodafone-Reviews-E5775.htm,85,79
https://www.glassdoor.com/Reviews/CompuCom-Reviews-E1289.htm,67,61
https://www.glassdoor.com/Reviews/Block-Reviews-E422050.htm,89,87
https://www.glassdoor.com/Reviews/Korn-Ferry-Reviews-E5644.htm,75,68
https://www.glassdoor.com/Reviews/Penske-Truck-Leasing-Reviews-E8984.htm,76,63
https://www.glassdoor.com/Reviews/University-of-Missouri-Reviews-E2904.htm,61,69
https://www.glassdoor.com/Reviews/University-of-Central-Florida-Reviews-E24239.htm,83,78
https://www.glassdoor.com/Reviews/George-Washington-University-Reviews-E3733.htm,59,72
https://www.glassdoor.com/Reviews/Hampton-Inn-by-Hilton-Reviews-E244239.htm,74,55
https://www.glassdoor.com/Reviews/Experis-Reviews-E608019.htm,76,67
https://www.glassdoor.com/Reviews/Perficient-Reviews-E9329.htm,87,80
https://www.glassdoor.com/Reviews/Sabre-Reviews-E6269.htm,76,68
https://www.glassdoor.com/Reviews/Safran-Reviews-E10345.htm,87,78
https://www.glassdoor.com/Reviews/SkyWest-Airlines-Reviews-E1883.htm,64,71
https://www.glassdoor.com/Reviews/Wellstar-Health-System-Reviews-E19526.htm,66,65
https://www.glassdoor.com/Reviews/Stantec-Reviews-E21416.htm,85,73
https://www.glassdoor.com/Reviews/Luxottica-Reviews-E4573.htm,71,68
https://www.glassdoor.com/Reviews/Nestl%C3%A9-USA-Reviews-E4283.htm,82,69
https://www.glassdoor.com/Reviews/Ingram-Micro-Reviews-E5794.htm,83,78
https://www.glassdoor.com/Reviews/Jewel-Osco-Reviews-E17022.htm,53,47
https://www.glassdoor.com/Reviews/FTI-Consulting-Reviews-E6069.htm,91,83
https://www.glassdoor.com/Reviews/Iowa-State-University-Reviews-E23963.htm,90,91
https://www.glassdoor.com/Reviews/International-Paper-Reviews-E356.htm,78,66
https://www.glassdoor.com/Reviews/BNSF-Railway-Reviews-E18514.htm,25,31
https://www.glassdoor.com/Reviews/G4S-Reviews-E35039.htm,68,65
https://www.glassdoor.com/Reviews/Popeyes-Reviews-E14706.htm,59,45
https://www.glassdoor.com/Reviews/Avaya-Reviews-E12121.htm,71,53
https://www.glassdoor.com/Reviews/TruGreen-Reviews-E27644.htm,49,47
https://www.glassdoor.com/Reviews/NASA-Reviews-E7304.htm,89,86
https://www.glassdoor.com/Reviews/Bechtel-Reviews-E2731.htm,93,80
https://www.glassdoor.com/Reviews/Ally-Financial-Reviews-E7222.htm,71,69
https://www.glassdoor.com/Reviews/Duke-Energy-Reviews-E211.htm,81,78
https://www.glassdoor.com/Reviews/E-and-J-Gallo-Winery-Reviews-E2778.htm,90,85
https://www.glassdoor.com/Reviews/Rent-A-Center-Reviews-E3914.htm,63,41
https://www.glassdoor.com/Reviews/Honda-Reviews-E3526.htm,90,79
https://www.glassdoor.com/Reviews/TransUnion-Reviews-E11441.htm,90,78
https://www.glassdoor.com/Reviews/Vanderbilt-University-Reviews-E3034.htm,76,80
https://www.glassdoor.com/Reviews/Teach-for-America-Reviews-E105049.htm,71,70
https://www.glassdoor.com/Reviews/Jack-in-the-Box-Reviews-E1373.htm,66,51
https://www.glassdoor.com/Reviews/Premium-Retail-Services-Reviews-E30163.htm,63,56
https://www.glassdoor.com/Reviews/Oregon-Health-and-Science-University-Reviews-E23783.htm,64,65
https://www.glassdoor.com/Reviews/Florida-State-University-Reviews-E18599.htm,95,89
https://www.glassdoor.com/Reviews/ALSTOM-Reviews-E8367.htm,87,77
https://www.glassdoor.com/Reviews/Follett-Reviews-E3049.htm,18,41
https://www.glassdoor.com/Reviews/FDM-Group-Reviews-E234827.htm,68,55
https://www.glassdoor.com/Reviews/Harbor-Freight-Tools-Reviews-E241635.htm,79,67
https://www.glassdoor.com/Reviews/Marvell-Technology-Reviews-E11761.htm,89,84
https://www.glassdoor.com/Reviews/University-of-Phoenix-Reviews-E130372.htm,97,78
https://www.glassdoor.com/Reviews/Cengage-Group-Reviews-E20055.htm,92,81
https://www.glassdoor.com/Reviews/Bank-of-the-West-Reviews-E3085.htm,63,58
https://www.glassdoor.com/Reviews/Thoughtworks-Reviews-E38334.htm,80,75
https://www.glassdoor.com/Reviews/Scotiabank-Reviews-E11013.htm,83,77
https://www.glassdoor.com/Reviews/Carter-s-Reviews-E6540.htm,83,66
https://www.glassdoor.com/Reviews/The-Goddard-School-Reviews-E115097.htm,62,46
https://www.glassdoor.com/Reviews/TechnipFMC-Reviews-E1558212.htm,85,85
https://www.glassdoor.com/Reviews/Panasonic-Reviews-E4279.htm,83,70
https://www.glassdoor.com/Reviews/OfficeMax-Reviews-E103.htm,41,48
https://www.glassdoor.com/Reviews/Bosch-Reviews-E4293.htm,90,85
https://www.glassdoor.com/Reviews/Aaron-s-Reviews-E1083.htm,56,48
https://www.glassdoor.com/Reviews/Cencora-Reviews-E2703.htm,72,58
https://www.glassdoor.com/Reviews/Lincoln-Financial-Group-Reviews-E403.htm,83,65
https://www.glassdoor.com/Reviews/A%C3%A9ropostale-Reviews-E14914.htm,74,53
https://www.glassdoor.com/Reviews/Neiman-Marcus-Reviews-E471.htm,58,52
https://www.glassdoor.com/Reviews/Fisher-Investments-Reviews-E38954.htm,81,70
https://www.glassdoor.com/Reviews/T-Rowe-Price-Reviews-E3583.htm,77,64
https://www.glassdoor.com/Reviews/eXp-Realty-Reviews-E907965.htm,95,92
https://www.glassdoor.com/Reviews/Frontier-Reviews-E131305.htm,64,42
https://www.glassdoor.com/Reviews/Analog-Devices-Reviews-E49.htm,93,84
https://www.glassdoor.com/Reviews/Denny-s-Reviews-E2566.htm,64,54
https://www.glassdoor.com/Reviews/Aveanna-Healthcare-Reviews-E1820653.htm,85,65
https://www.glassdoor.com/Reviews/Umbrella-Corporation-Reviews-E115639.htm,24,87
https://www.glassdoor.com/Reviews/Techtronic-Industries-North-America-Reviews-E138304.htm,78,65
https://www.glassdoor.com/Reviews/Unum-Reviews-E9522.htm,86,70
https://www.glassdoor.com/Reviews/Baylor-College-of-Medicine-Reviews-E27812.htm,83,69
https://www.glassdoor.com/Reviews/Culver-s-Reviews-E15892.htm,74,57
https://www.glassdoor.com/Reviews/Compass-Reviews-E719025.htm,64,56
https://www.glassdoor.com/Reviews/Allianz-Reviews-E3062.htm,90,81
https://www.glassdoor.com/Reviews/XYZ-Reviews-E377428.htm,87,72
https://www.glassdoor.com/Reviews/Rolls-Royce-Reviews-E3505.htm,77,79
https://www.glassdoor.com/Reviews/TGI-Fridays-Reviews-E109078.htm,66,52
https://www.glassdoor.com/Reviews/Planned-Parenthood-Reviews-E14417.htm,65,52
https://www.glassdoor.com/Reviews/Emory-Healthcare-Reviews-E19564.htm,100,63
https://www.glassdoor.com/Reviews/Atlassian-Reviews-E115699.htm,89,86
https://www.glassdoor.com/Reviews/Corning-Reviews-E183.htm,82,73
https://www.glassdoor.com/Reviews/Huron-Consulting-Group-Reviews-E35223.htm,96,86
https://www.glassdoor.com/Reviews/Wyndham-Destinations-Reviews-E356401.htm,75,58
https://www.glassdoor.com/Reviews/GlobalLogic-Reviews-E23009.htm,89,78
https://www.glassdoor.com/Reviews/Lam-Research-Reviews-E1582.htm,87,74
https://www.glassdoor.com/Reviews/Kaplan-Reviews-E11978.htm,65,57
https://www.glassdoor.com/Reviews/Allscripts-Reviews-E4625.htm,68,76
https://www.glassdoor.com/Reviews/SS-and-C-Reviews-E6022.htm,48,45
https://www.glassdoor.com/Reviews/BJC-HealthCare-Reviews-E4650.htm,79,68
https://www.glassdoor.com/Reviews/francesca-s-Reviews-E233550.htm,60,50
https://www.glassdoor.com/Reviews/Crate-and-Barrel-Reviews-E3866.htm,52,55
https://www.glassdoor.com/Reviews/American-Family-Insurance-Reviews-E2706.htm,53,48
https://www.glassdoor.com/Reviews/Uline-Reviews-E26828.htm,75,63
https://www.glassdoor.com/Reviews/M%C2%B7A%C2%B7C-Cosmetics-Reviews-E229529.htm,58,58
https://www.glassdoor.com/Reviews/Alcon-Reviews-E10088.htm,79,68
https://www.glassdoor.com/Reviews/Heartland-Dental-Reviews-E196086.htm,80,63
https://www.glassdoor.com/Reviews/Rockwell-Collins-Reviews-E13435.htm,86,73
https://www.glassdoor.com/Reviews/Aya-Healthcare-Reviews-E332130.htm,90,88
https://www.glassdoor.com/Reviews/Vail-Resorts-Reviews-E6662.htm,54,57
https://www.glassdoor.com/Reviews/SolarCity-Reviews-E244963.htm,80,59
https://www.glassdoor.com/Reviews/National-Grid-Reviews-E474.htm,81,78
https://www.glassdoor.com/Reviews/Royal-Caribbean-Group-Reviews-E3579.htm,85,78
https://www.glassdoor.com/Reviews/Five-Below-Reviews-E224078.htm,73,53
https://www.glassdoor.com/Reviews/Temple-University-Reviews-E23406.htm,83,72
https://www.glassdoor.com/Reviews/Walmart-Global-Tech-Reviews-E3293060.htm,89,78
https://www.glassdoor.com/Reviews/UniFirst-Reviews-E688.htm,82,71
https://www.glassdoor.com/Reviews/Pitney-Bowes-Reviews-E535.htm,59,55
https://www.glassdoor.com/Reviews/Principal-Financial-Group-Reviews-E2941.htm,89,77
https://www.glassdoor.com/Reviews/Transamerica-Reviews-E18371.htm,70,50
https://www.glassdoor.com/Reviews/Weill-Cornell-Medicine-Reviews-E113342.htm,86,74
https://www.glassdoor.com/Reviews/Novant-Health-Reviews-E4670.htm,74,76
https://www.glassdoor.com/Reviews/Tiffany-and-Co-Reviews-E663.htm,52,52
https://www.glassdoor.com/Reviews/Chuck-E-Cheese-Reviews-E1876.htm,75,64
https://www.glassdoor.com/Reviews/PTC-Reviews-E1855.htm,88,84
https://www.glassdoor.com/Reviews/Colgate-Palmolive-Reviews-E162.htm,92,87
